Monthly,Tourist Arrival,Number of Posts,Number of Comments,Airbnb Vietnam,Vietnam restaurant,Shopping in Hanoi,Shopping in Ho Chi Minh, Vietnam tour , Skyscanner , Vietnam visa , Vietnam airport , Vietnam flights  , Danang airport , Hoi An , Vietnam weather , Visa for Vietnam , Sgn airport , Phu Quoc , Vietnam itinerary , Vietnam trip , Things to do in Hue , Vietnam backpackers ,Class
01/01/2008,399556,403,3049,11,59,32,8,58,7,69,52,73,27,27,58,29,18,20,0,32,0,8,Train
01/02/2008,411032,357,3211,0,51,0,0,46,6,61,35,53,18,27,58,31,10,19,5,39,7,5,Train
01/03/2008,414332,344,3153,0,57,7,24,58,6,61,51,57,31,27,50,29,38,28,6,30,0,0,Train
01/04/2008,395900,338,3184,0,51,6,9,58,6,66,43,53,35,27,41,30,25,22,8,45,0,8,Train
01/05/2008,366387,369,2964,0,57,0,7,57,6,63,46,58,17,27,44,24,16,22,5,47,0,9,Train
01/06/2008,352945,361,2968,19,47,15,6,46,7,65,44,49,12,25,36,24,28,18,14,55,0,5,Train
01/07/2008,330000,384,2931,0,65,11,9,56,7,66,48,54,28,29,35,26,23,20,16,47,0,11,Train
01/08/2008,339000,468,3233,0,54,11,19,63,7,58,53,55,15,31,44,27,25,22,0,46,14,6,Train
01/09/2008,286389,462,3244,0,58,20,10,46,6,67,38,53,17,27,41,31,19,18,0,38,0,6,Train
01/10/2008,296742,511,3802,0,47,9,7,48,5,62,45,49,16,30,45,29,11,25,0,27,0,10,Train
01/11/2008,279904,511,3802,35,57,14,14,44,6,70,59,58,41,31,60,29,23,26,9,35,0,8,Train
01/12/2008,358048,503,3373,0,49,9,21,47,4,55,48,62,19,33,52,25,17,28,0,38,0,11,Train
01/01/2009,370000,566,4306,0,54,10,11,47,7,62,49,84,28,30,48,28,9,23,14,48,0,11,Train
01/02/2009,342913,450,3356,0,56,12,9,56,7,64,45,65,36,36,43,27,10,29,0,34,0,11,Train
01/03/2009,303489,485,3500,7,48,17,16,51,7,55,37,57,14,38,37,21,25,38,8,36,0,9,Train
01/04/2009,305430,473,3168,0,49,4,7,53,8,55,37,63,15,40,46,31,10,30,7,48,0,5,Train
01/05/2009,292843,517,3702,0,43,11,0,50,8,58,51,58,10,38,40,29,31,31,8,38,5,11,Train
01/06/2009,279147,505,4240,0,42,6,16,52,9,59,42,64,10,39,37,31,22,30,5,47,5,9,Train
01/07/2009,271422,538,4240,0,51,4,7,54,10,62,47,62,24,42,45,30,15,36,13,51,0,8,Train
01/08/2009,314915,655,4527,0,56,18,15,55,10,59,52,64,20,43,42,27,19,36,10,52,7,11,Train
01/09/2009,304419,647,4542,7,57,0,0,44,9,71,46,61,25,46,61,33,18,36,17,46,0,0,Train
01/10/2009,227859,692,4825,0,62,0,8,53,9,69,49,56,8,49,63,34,0,40,14,38,6,8,Train
01/11/2009,387871,715,5323,0,62,7,16,52,9,69,54,64,21,51,69,41,17,48,15,55,0,14,Train
01/12/2009,376400,704,4723,0,59,6,12,41,7,61,46,51,16,49,51,33,19,49,20,34,9,0,Train
01/01/2010,416249,571,3872,0,64,0,15,55,11,74,56,79,34,53,60,39,22,49,15,48,7,10,Train
01/02/2010,446323,491,3627,0,62,17,9,48,11,69,54,65,33,42,48,29,13,44,17,38,0,12,Train
01/03/2010,473509,488,3595,0,70,8,5,53,10,70,50,60,18,58,47,34,24,70,13,47,6,7,Train
01/04/2010,432608,480,3213,0,66,8,17,60,11,63,55,61,27,58,49,38,18,61,12,51,0,16,Train
01/05/2010,350982,524,3755,0,58,12,5,49,11,64,54,71,18,53,45,39,25,59,16,49,0,13,Train
01/06/2010,375707,513,4300,0,52,0,9,50,11,58,52,61,31,52,38,34,25,50,8,41,0,11,Train
01/07/2010,410000,545,3621,0,65,10,12,50,13,63,49,62,27,57,54,35,24,50,13,52,12,10,Train
01/08/2010,427935,665,4591,0,70,6,12,55,13,67,55,62,17,59,45,37,21,49,17,60,10,18,Train
01/09/2010,383463,656,4607,0,64,18,11,46,13,62,53,52,35,55,40,35,12,46,15,44,0,9,Train
01/10/2010,440071,701,4894,0,66,6,13,48,12,62,55,57,27,62,61,32,17,54,17,53,4,11,Train
01/11/2010,428295,726,5400,0,64,5,16,56,11,66,47,52,15,67,56,41,27,56,12,57,6,9,Train
01/12/2010,44957,714,4790,0,67,0,7,50,10,59,53,51,25,63,57,31,31,50,14,45,0,8,Train
01/01/2011,506424,666,4745,0,75,0,10,56,15,73,61,62,24,60,64,38,15,50,22,64,5,9,Train
01/02/2011,529315,571,4214,3,79,15,13,49,15,61,54,53,28,58,49,31,23,48,8,63,0,7,Train
01/03/2011,475733,568,4177,0,69,6,10,49,15,59,49,53,24,63,54,34,26,64,13,49,18,12,Train
01/04/2011,460000,558,3733,0,63,12,14,49,14,56,52,50,32,60,47,33,23,53,14,53,0,12,Train
01/05/2011,480886,609,4363,0,70,16,14,50,15,56,45,51,13,62,42,35,18,52,14,46,8,12,Train
01/06/2011,446966,596,4997,0,66,8,14,51,15,62,50,53,15,61,38,34,20,53,14,47,9,10,Train
01/07/2011,460000,634,4207,0,78,8,14,52,16,58,54,59,24,61,46,34,23,60,13,52,5,12,Train
01/08/2011,552234,772,5335,0,72,15,14,51,16,59,53,52,27,60,39,37,20,57,13,56,6,9,Train
01/09/2011,286618,762,5353,0,69,12,17,48,15,59,53,54,25,70,45,40,17,53,12,56,6,10,Train
01/10/2011,518477,815,5687,4,79,12,18,47,15,63,57,53,33,69,56,38,25,57,19,57,0,9,Train
01/11/2011,611864,843,6274,0,72,7,13,53,14,62,54,47,26,70,48,37,23,54,19,58,0,12,Train
01/12/2011,593408,830,5566,0,79,13,18,48,13,59,54,47,32,79,57,33,25,54,13,52,3,8,Train
01/01/2012,630000,785,5785,0,78,18,7,52,20,64,58,60,36,55,56,40,18,44,22,67,0,11,Train
01/02/2012,681849,696,5082,5,76,15,10,51,18,63,57,51,36,75,49,43,25,57,20,43,0,10,Train
01/03/2012,561877,671,4936,0,73,13,13,48,19,57,55,49,27,73,48,34,19,62,21,43,3,11,Train
01/04/2012,620000,659,4412,0,62,19,14,50,20,56,46,56,33,61,43,34,25,55,13,42,0,11,Train
01/05/2012,615523,720,5157,2,62,8,19,48,22,59,50,52,25,64,36,38,28,46,14,40,0,9,Train
01/06/2012,417429,704,5905,0,69,14,15,50,22,56,48,49,21,60,36,37,16,53,24,41,6,10,Train
01/07/2012,466000,749,4972,4,70,14,14,52,25,62,54,56,29,63,40,44,30,56,15,46,7,14,Train
01/08/2012,525292,913,6305,0,72,9,18,53,23,57,58,53,41,70,43,38,31,57,19,50,10,11,Train
01/09/2012,460238,901,6326,0,66,12,16,49,23,60,52,55,36,72,43,39,20,47,14,44,2,9,Train
01/10/2012,495576,963,6721,3,68,15,13,50,24,64,54,55,26,77,55,41,20,53,24,47,5,12,Train
01/11/2012,655701,996,7415,0,69,13,16,49,21,67,51,51,33,78,47,40,27,62,16,43,7,14,Train
01/12/2012,614673,981,6578,0,69,9,13,46,19,61,54,45,35,79,51,37,27,53,14,40,9,15,Train
01/01/2013,651812,801,5531,4,72,6,16,51,30,69,63,65,42,76,57,43,32,58,27,55,9,14,Train
01/02/2013,570476,689,5082,5,73,11,14,48,30,64,56,54,34,67,48,42,28,53,27,46,0,16,Train
01/03/2013,587366,685,5038,0,69,11,18,48,30,62,55,50,59,86,48,41,20,68,21,43,6,17,Train
01/04/2013,613919,673,4503,0,66,11,11,51,32,60,53,48,50,83,42,37,17,59,19,48,6,13,Train
01/05/2013,558751,734,5263,9,65,9,14,51,33,57,47,48,25,76,39,37,21,52,22,47,5,13,Train
01/06/2013,567291,718,6026,6,59,16,14,50,32,63,54,50,41,78,42,43,31,54,25,53,4,15,Train
01/07/2013,658325,764,5074,9,68,16,21,56,36,63,58,55,35,82,41,42,30,53,21,56,12,11,Train
01/08/2013,676719,931,6434,6,69,16,17,51,34,62,53,52,49,80,43,42,31,53,25,43,7,14,Train
01/09/2013,614827,919,6456,5,64,13,11,48,32,67,51,48,32,80,48,46,26,45,26,46,4,11,Train
01/10/2013,628695,983,6858,6,67,17,19,49,32,72,60,53,45,79,55,48,28,48,19,46,5,13,Train
01/11/2013,713034,1017,7567,13,69,15,16,49,30,71,64,54,34,79,100,48,28,50,28,46,11,16,Train
01/12/2013,722349,1001,6713,8,72,18,22,45,27,67,55,42,38,79,58,43,28,55,22,51,9,17,Train
01/01/2014,776174,729,4984,3,75,14,19,50,41,77,61,62,49,74,59,48,24,50,31,53,10,15,Train
01/02/2014,842026,626,4623,7,72,19,20,49,39,70,61,57,45,84,53,50,39,53,25,53,6,8,Train
01/03/2014,709725,623,4582,7,68,11,17,51,39,62,60,48,46,87,48,42,32,77,23,48,7,14,Train
01/04/2014,74598,612,4095,11,70,14,20,49,41,68,55,43,45,91,41,46,30,60,33,47,7,16,Train
01/05/2014,674204,668,4787,15,69,13,21,46,41,65,54,42,33,75,38,45,29,65,30,46,9,17,Train
01/06/2014,539776,653,5481,16,61,13,16,49,44,68,52,45,40,77,38,41,23,61,24,48,4,16,Train
01/07/2014,564736,695,4615,15,69,11,13,50,51,68,58,46,39,85,43,46,27,56,29,47,10,20,Train
01/08/2014,618588,847,5852,21,75,10,10,52,49,70,56,48,41,87,41,46,37,55,28,47,12,21,Train
01/09/2014,590881,836,5872,19,70,18,17,51,46,81,60,44,41,77,42,44,42,50,36,52,6,14,Train
01/10/2014,559002,894,6238,13,66,10,22,48,44,77,54,48,44,82,42,48,34,57,24,53,9,14,Train
01/11/2014,608617,925,6883,11,73,15,22,51,41,78,54,46,43,82,46,54,30,75,36,47,12,19,Train
01/12/2014,657304,910,6106,23,75,13,27,47,39,75,61,40,49,84,59,48,41,78,32,49,8,22,Train
01/01/2015,700692,809,5856,29,72,12,18,60,54,81,64,61,45,85,58,57,34,67,41,59,9,21,Train
01/02/2015,756000,671,4955,23,78,13,15,48,52,67,54,45,50,73,48,45,37,57,30,54,13,18,Train
01/03/2015,617895,667,4911,22,75,11,21,56,53,75,59,49,59,94,48,50,39,83,34,55,10,15,Train
01/04/2015,69044,656,4390,32,68,15,17,58,50,67,60,51,49,86,47,44,39,77,35,53,10,23,Train
01/05/2015,576868,716,5130,36,65,10,20,55,52,70,57,50,48,78,47,48,34,68,33,48,13,16,Train
01/06/2015,529445,700,5875,35,64,8,15,58,57,79,59,48,41,75,43,53,34,70,33,53,10,29,Train
01/07/2015,593566,745,4947,30,74,16,17,66,63,72,61,54,51,90,52,54,39,76,31,56,12,30,Train
01/08/2015,664985,908,6273,41,76,18,15,59,59,71,57,53,41,87,49,54,43,79,39,55,11,22,Train
01/09/2015,626324,896,6293,35,68,18,15,46,56,78,56,51,47,79,51,55,49,70,32,54,8,20,Train
01/10/2015,649099,958,6686,38,75,15,16,54,58,80,60,52,41,77,51,55,48,77,38,54,13,17,Train
01/11/2015,732740,991,7377,35,69,18,22,59,54,75,62,51,55,79,58,52,51,69,35,58,11,22,Train
01/12/2015,760798,976,6544,37,71,14,20,57,47,78,64,52,58,82,60,52,55,67,34,52,10,22,Train
01/01/2016,815200,851,5733,32,80,14,15,61,56,83,66,67,69,85,66,58,47,69,51,64,12,23,Train
01/02/2016,843726,757,5525,34,75,11,11,57,52,74,62,54,61,81,55,50,46,61,37,57,14,27,Train
01/03/2016,830608,729,5367,39,73,19,18,58,54,72,65,52,62,92,53,51,51,75,45,61,17,23,Train
01/04/2016,799612,717,5446,39,71,15,18,60,54,68,57,49,62,81,47,51,44,67,41,57,14,22,Train
01/05/2016,767373,782,5860,49,79,11,21,57,58,74,60,51,54,78,51,54,55,65,46,77,12,29,Train
01/06/2016,710574,765,5903,39,70,12,20,55,58,87,67,51,63,72,44,57,52,68,49,51,12,24,Train
01/07/2016,856438,814,5744,45,77,12,25,59,60,76,69,53,60,86,48,56,58,76,42,62,10,25,Train
01/08/2016,909866,992,7329,44,69,15,16,57,58,80,65,54,61,80,48,52,59,65,53,54,10,23,Train
01/09/2016,823135,979,6876,43,71,14,17,59,60,83,68,52,69,78,52,60,57,59,49,58,3,17,Train
01/10/2016,822145,1047,7298,50,68,13,21,61,58,81,75,58,58,84,59,59,47,65,48,59,12,20,Train
01/11/2016,936779,1083,8063,51,74,16,17,62,56,81,66,54,61,79,58,57,48,70,43,60,10,21,Train
01/12/2016,897279,1066,8183,48,82,17,23,60,49,78,77,50,74,82,66,57,61,73,42,56,13,25,Train
01/01/2017,1007238,924,6113,67,80,17,17,66,68,82,79,75,74,78,70,69,56,76,69,76,14,21,Train
01/02/2017,1199421,1010,7457,67,86,16,30,66,68,85,78,65,78,98,63,66,64,78,58,66,14,18,Train
01/03/2017,1005821,1004,7382,67,75,15,21,68,69,78,77,64,70,92,55,65,66,79,48,68,13,28,Train
01/04/2017,1071650,987,6607,69,85,15,25,72,62,80,70,61,61,95,56,64,65,73,60,68,18,21,Train
01/05/2017,972844,1077,7726,52,77,14,25,64,69,84,66,61,82,74,55,64,53,64,47,62,17,24,Train
01/06/2017,949362,1054,8835,70,79,18,19,63,68,79,66,56,80,82,52,61,58,67,46,57,15,27,Train
01/07/2017,1036880,1121,7441,69,85,19,21,72,78,82,79,68,83,87,60,63,76,71,51,63,14,29,Train
01/08/2017,1229163,1367,9446,66,83,21,19,71,71,82,83,60,82,83,58,69,69,68,54,68,17,26,Train
01/09/2017,975952,1349,9471,70,82,16,23,69,73,84,79,63,78,75,74,72,62,68,54,68,11,20,Train
01/10/2017,1024899,1442,10052,68,85,18,20,73,74,88,84,65,77,78,72,75,68,73,78,70,17,23,Train
01/11/2017,1172568,1492,11106,81,89,20,20,72,70,87,87,64,85,84,88,76,73,84,74,79,14,25,Train
01/12/2017,1276353,1469,9840,82,89,30,34,67,62,86,83,62,70,82,87,75,80,97,58,73,19,21,Train
01/01/2018,1430242,1098,7872,100,100,20,24,78,88,100,99,80,94,90,83,89,86,100,77,84,20,28,Train
01/02/2018,1431845,941,6947,74,87,20,19,63,81,91,80,65,76,77,65,74,66,82,61,74,13,22,Train
01/03/2018,1343314,936,6877,81,93,26,24,72,82,80,88,65,86,100,64,76,77,88,62,77,22,29,Train
01/04/2020,0,74,542,20,34,4,2,22,14,16,22,27,7,20,19,11,30,18,14,26,3,6,Train
01/05/2020,0,92,710,22,43,4,2,21,16,19,23,33,10,26,21,13,32,27,16,25,3,5,Train
01/06/2020,0,64,504,37,59,2,1,23,28,20,24,38,13,28,23,15,33,38,17,24,6,6,Train
01/07/2020,0,48,347,30,68,3,0,24,32,18,24,28,18,26,20,13,30,38,11,22,4,5,Train
01/08/2020,0,40,271,21,63,0,3,20,27,16,17,20,6,19,18,12,23,24,15,18,2,4,Train
01/09/2020,0,49,314,17,52,0,3,19,25,15,19,21,2,19,17,12,27,24,12,20,4,2,Train
01/10/2020,0,29,221,14,52,2,2,16,21,13,17,19,9,22,23,9,25,28,11,18,3,3,Train
01/11/2020,0,43,329,18,43,1,2,18,18,12,14,16,6,18,17,9,17,29,10,17,2,0,Train
01/12/2020,0,26,205,16,44,0,3,18,21,12,14,18,7,18,16,10,20,30,10,21,1,1,Train
01/01/2021,0,39,290,20,44,1,0,19,21,11,15,17,7,17,16,10,16,29,11,22,4,2,Train
01/04/2018,1341913,919,6154,80,82,21,27,64,78,83,78,59,73,87,60,63,69,75,62,73,22,28,Validation
01/05/2018,1161114,1004,7197,72,79,16,24,63,78,72,77,54,77,75,54,63,69,64,63,71,16,25,Validation
01/06/2018,1183102,982,8229,69,81,16,17,61,76,70,72,59,70,70,53,57,61,65,53,73,13,27,Validation
01/07/2018,1188817,1044,6931,69,86,17,14,68,78,76,82,64,70,79,66,67,67,65,68,67,20,38,Validation
01/08/2018,1323546,1273,8856,82,90,15,19,73,74,79,81,67,73,84,64,68,65,70,62,69,15,27,Validation
01/09/2018,1212597,1257,8884,68,80,23,20,61,78,79,79,62,79,69,67,66,70,64,62,74,17,22,Validation
01/10/2018,1205157,1344,9419,69,80,18,14,59,72,77,71,55,77,66,60,67,66,67,61,71,12,21,Validation
01/11/2018,1301909,1390,10420,69,78,23,18,62,68,84,79,62,68,73,70,68,70,77,60,71,16,26,Validation
01/12/2018,1374235,1258,8518,60,93,25,29,65,58,79,77,60,78,75,71,66,72,84,63,69,18,19,Validation
01/01/2019,1501766,1009,7336,71,87,17,20,74,80,87,91,80,90,79,82,76,74,93,77,78,19,26,Validation
01/02/2019,1588161,865,6420,73,84,19,14,68,80,73,79,71,81,82,69,64,66,82,75,85,13,26,Validation
01/03/2019,1410187,860,6363,79,90,27,22,67,77,76,81,66,89,87,64,66,72,79,76,83,17,24,Validation
01/04/2019,1468766,845,5705,72,87,18,17,64,74,76,76,64,99,85,60,62,69,70,64,72,20,26,Test
01/05/2019,1326668,923,6685,72,83,21,16,61,77,72,76,62,69,69,61,59,62,63,59,74,13,18,Test
01/06/2019,1185445,903,7605,87,81,14,19,65,82,72,78,65,80,71,57,64,62,62,75,69,18,32,Test
01/07/2019,1315792,960,6430,75,88,18,16,67,86,75,81,67,86,82,62,70,74,67,70,68,18,25,Test
01/08/2019,1512447,1170,8140,71,88,20,22,70,86,79,90,75,92,79,69,73,77,64,72,73,17,21,Test
01/09/2019,1561274,1155,8165,76,81,18,23,68,82,81,86,76,68,72,62,76,88,59,76,77,21,18,Test
01/10/2019,1618337,1235,8658,83,92,23,19,69,87,82,93,76,90,77,67,78,95,67,78,77,18,21,Test
01/11/2019,1809580,1278,9578,77,83,26,18,74,83,84,90,76,67,78,71,80,93,79,78,77,21,20,Test
01/12/2019,1710168,1258,8518,68,85,28,24,76,76,83,93,79,91,80,75,81,82,87,71,84,17,18,Test
01/01/2020,1994125,928,6513,79,87,24,23,81,100,98,99,100,97,82,69,91,85,88,94,100,20,18,Test
01/02/2020,1242731,638,4565,47,76,14,13,51,80,66,74,74,63,70,51,51,78,65,56,71,14,19,Test
01/03/2020,449923,383,3337,33,44,6,9,30,44,52,51,61,38,40,28,28,49,40,28,34,8,19,Test
01/02/2021,0,20,174,14,46,0,0,17,19,10,13,14,5,15,17,9,16,22,9,17,4,1,Test
01/03/2021,0,31,249,20,44,2,2,18,21,11,14,16,6,19,15,8,20,30,13,20,4,1,Test
01/04/2021,0,20,148,16,47,3,2,17,22,11,14,17,8,22,13,9,21,33,9,19,4,1,Test
01/05/2021,0,15,88,12,50,1,0,20,30,13,14,17,4,18,15,11,17,26,16,26,5,1,Test
01/06/2021,0,18,83,18,56,0,1,18,38,12,16,15,4,17,15,11,17,19,13,26,0,0,Test
01/07/2021,0,9,89,14,63,1,2,16,35,11,15,16,5,16,16,9,17,20,9,20,5,0,Test
01/08/2021,0,8,51,15,65,0,5,17,36,10,17,15,2,15,14,9,17,17,14,26,2,3,Test
01/09/2021,0,12,94,10,57,1,4,17,38,10,15,14,0,17,15,10,20,22,11,24,4,2,Test
01/10/2021,0,11,110,17,63,0,4,17,42,12,14,19,7,19,17,10,10,21,14,23,5,0,Test
01/11/2021,400,10,64,11,59,4,9,19,37,13,19,21,2,16,16,13,20,22,16,29,2,2,Test
01/12/2021,3100,10,66,11,59,2,2,15,28,12,14,21,6,17,17,10,21,24,8,21,5,3,Test
01/01/2022,5800,30,190,28,63,2,2,17,46,18,24,27,2,15,21,15,27,24,12,25,3,0,Test
01/02/2022,1558,44,347,26,65,0,4,22,57,24,28,33,11,17,22,20,27,29,16,28,1,3,Test
01/03/2022,15000,103,731,36,61,3,3,25,64,41,36,39,7,19,25,30,31,29,30,38,8,3,Test
01/04/2022,70000,185,1470,44,69,5,4,34,65,47,50,45,24,26,33,45,39,36,37,50,8,4,Test
01/05/2022,136000,249,1794,45,70,6,8,39,70,47,56,48,29,27,36,48,46,37,46,48,6,5,Test
01/06/2022,185000,223,1511,56,67,9,10,45,77,59,63,52,37,29,38,60,58,39,58,60,9,4,Test
01/07/2022,320000,282,1963,58,78,11,11,52,68,63,76,57,48,38,43,72,58,41,67,65,11,6,Test
01/08/2022,486407,336,2266,53,80,11,12,53,71,68,76,59,44,37,41,75,60,35,71,65,9,9,Test
01/09/2022,431909,330,2323,54,75,12,12,56,72,70,78,59,49,35,50,81,70,36,76,71,12,6,Test
01/10/2022,484355,438,3154,56,77,18,17,55,65,73,85,60,51,39,49,81,65,43,71,72,9,8,Test
01/11/2022,596919,457,3385,53,81,25,18,61,67,79,89,58,55,46,48,88,76,48,75,76,16,6,Test
01/12/2022,707071,410,2877,50,83,19,20,61,59,74,91,60,69,50,57,82,72,57,70,73,18,9,Test
01/01/2023,871162,499,3687,63,86,14,13,65,83,95,100,77,62,50,60,90,80,53,97,85,17,10,Test
01/02/2023,932969,481,3576,64,88,15,17,70,78,90,93,68,80,58,59,90,76,53,91,80,12,9,Test
01/03/2023,895425,543,4058,65,84,18,12,72,73,86,95,63,66,55,50,84,81,50,81,83,18,8,Test
01/04/2023,984146,422,3135,58,90,15,19,77,73,82,95,68,55,55,57,93,86,49,100,96,17,5,Test
01/05/2023,916257,347,2609,56,82,21,18,75,70,86,90,67,72,52,61,94,72,41,89,92,10,8,Test
01/06/2023,975010,328,2339,63,86,20,16,73,69,85,92,68,55,45,57,91,85,39,89,92,12,6,Test